Source,Year,ZARDIUganda,Livestock Subcategory,CowMulti,Oxen,Bull Exotic,Bull Indigenous,Heifer Dairy,Calve1,Calve2,Feedlot bull,Indigenous Heifer,Steer
UBS,1990,Buginyanya,NonDairyCow,93072,33821,4548,18906,67,53833,174,45,1203,3749
UBS,1991,Buginyanya,NonDairyCow,97971,35601,4787,19901,70,56667,183,48,1266,3947
UBS,1992,Buginyanya,NonDairyCow,103127,37475,5039,20948,74,59649,193,50,1333,4154
UBS,1993,Buginyanya,NonDairyCow,108555,39447,5305,22051,78,62788,203,53,1403,4373
UBS,1994,Buginyanya,NonDairyCow,114269,41524,5584,23211,82,66093,214,56,1477,4603
UBS,1995,Buginyanya,NonDairyCow,120283,43709,5878,24433,86,69572,225,59,1555,4845
UBS,1996,Buginyanya,NonDairyCow,126613,46010,6187,25719,91,73233,237,62,1637,5100
UBS,1997,Buginyanya,NonDairyCow,133277,48431,6513,27073,96,77088,249,65,1723,5369
UBS,1998,Buginyanya,NonDairyCow,140292,50980,6856,28497,101,81145,262,68,1814,5651
UBS,1999,Buginyanya,NonDairyCow,147676,53663,7216,29997,106,85416,276,72,1909,5949
UBS,2000,Buginyanya,NonDairyCow,155448,56488,7596,31576,111,89911,291,76,2010,6262
UBS,2001,Buginyanya,NonDairyCow,163630,59461,7996,33238,117,94644,306,80,2115,6592
UBS,2002,Buginyanya,NonDairyCow,172242,62590,8417,34987,123,99625,322,84,2227,6939
UBS,2003,Buginyanya,NonDairyCow,181307,65884,8860,36829,130,104868,339,88,2344,7304
UBS,2004,Buginyanya,NonDairyCow,190849,69352,9326,38767,137,110388,357,93,2467,7688
UBS,2005,Buginyanya,NonDairyCow,200894,73002,9817,40808,144,116197,376,98,2597,8093
UBS,2006,Buginyanya,NonDairyCow,211467,76844,10334,42955,152,122313,395,103,2734,8519
UBS,2007,Buginyanya,NonDairyCow,222597,80889,10878,45216,160,128751,416,108,2878,8967
UBS,2008,Buginyanya,NonDairyCow,234313,85146,11450,47596,168,135527,438,114,3029,9439
UBS,2009,Buginyanya,NonDairyCow,241342,87700,11794,49024,173,139593,451,117,3120,9722
UBS,2010,Buginyanya,NonDairyCow,248592,90335,12148,50497,178,143786,465,121,3214,10014
UBS,2011,Buginyanya,NonDairyCow,256047,93044,12512,52011,184,148099,479,125,3310,10314
UBS,2012,Buginyanya,NonDairyCow,263728,95835,12888,53572,189,152541,493,128,3409,10624
UBS,2013,Buginyanya,NonDairyCow,267405,97171,23483,54318,345,161166,899,234,3457,10772
UBS,2014,Buginyanya,NonDairyCow,279789,101671,13673,56834,201,161831,523,136,3617,11271
UBS,2015,Buginyanya,NonDairyCow,288169,104716,14082,58536,207,166678,539,140,3725,11608
UBS,2016,Buginyanya,NonDairyCow,295090,107231,14420,59942,212,170681,552,144,3815,11887
UBS,2017,Buginyanya,NonDairyCow,291414,105895,14241,59195,209,168555,545,142,3767,11739
UBS,2018,Buginyanya,NonDairyCow,291414,105895,14241,59195,18688,168555,1729,122,3767,14779
UBS,1990,Mukono,NonDairyCow,318710,55749,18427,55068,17203,125127,3704,184,120191,8119
UBS,1991,Mukono,NonDairyCow,335485,58684,19397,57967,18109,131713,3899,194,126517,8546
UBS,1992,Mukono,NonDairyCow,353142,61772,20417,61017,19062,138645,4105,204,133175,8996
UBS,1993,Mukono,NonDairyCow,371728,65023,21492,64229,20065,145942,4321,215,140185,9470
UBS,1994,Mukono,NonDairyCow,391293,68446,22623,67609,21121,153623,4548,226,147563,9968
UBS,1995,Mukono,NonDairyCow,411887,72048,23814,71168,22233,161708,4787,238,155329,10493
UBS,1996,Mukono,NonDairyCow,433565,75840,25067,74913,23403,170219,5039,250,163504,11045
UBS,1997,Mukono,NonDairyCow,456385,79832,26387,78856,24635,179178,5305,263,172110,11626
UBS,1998,Mukono,NonDairyCow,480405,84033,27775,83006,25931,188609,5584,277,181168,12238
UBS,1999,Mukono,NonDairyCow,505689,88456,29237,87375,27296,198535,5878,292,190703,12882
UBS,2000,Mukono,NonDairyCow,532305,93112,30776,91974,28733,208985,6187,307,200740,13560
UBS,2001,Mukono,NonDairyCow,560321,98012,32396,96815,30245,219984,6513,323,211306,14274
UBS,2002,Mukono,NonDairyCow,589811,103171,34101,101910,31837,231562,6855,340,222427,15025
UBS,2003,Mukono,NonDairyCow,620854,108601,35896,107274,33512,243750,7216,358,234134,15816
UBS,2004,Mukono,NonDairyCow,653530,114317,37785,112920,35276,256578,7596,377,246457,16649
UBS,2005,Mukono,NonDairyCow,687927,120333,39774,118863,37133,270083,7996,397,259428,17525
UBS,2006,Mukono,NonDairyCow,724134,126667,41867,125119,39087,284297,8417,418,273082,18447
UBS,2007,Mukono,NonDairyCow,762246,133333,44071,131704,41145,299260,8860,440,287455,19418
UBS,2008,Mukono,NonDairyCow,802364,140351,46390,138636,43310,315011,9326,463,302584,20440
UBS,2009,Mukono,NonDairyCow,826434,144561,47782,142794,44609,324461,9605,477,311661,21054
UBS,2010,Mukono,NonDairyCow,851260,148903,49217,147084,45949,334208,9894,492,321023,21686
UBS,2011,Mukono,NonDairyCow,876789,153369,50693,151495,47327,344231,10191,506,330650,22337
UBS,2012,Mukono,NonDairyCow,903092,157970,52214,156040,48747,354558,10496,522,340570,23007
UBS,2013,Mukono,NonDairyCow,915681,160172,71498,158215,66751,375277,14373,714,345317,23327
UBS,2014,Mukono,NonDairyCow,958089,167590,55394,165542,51716,376150,11136,553,361310,24408
UBS,2015,Mukono,NonDairyCow,986784,172610,57053,170500,53265,387415,11469,570,372131,25139
UBS,2016,Mukono,NonDairyCow,1010484,176755,58423,174596,54544,396720,11745,584,381069,25743
UBS,2017,Mukono,NonDairyCow,997895,174553,57695,172420,53864,391778,11598,576,376322,25422
UBS,2018,Mukono,NonDairyCow,997895,221904,57695,174596,53265,396720,11745,47,376322,42255
UBS,1990,Abi,NonDairyCow,141961,74115,341,44659,4,62981,8,3,1693,4102
UBS,1991,Abi,NonDairyCow,149433,78016,359,47010,4,66296,8,3,1782,4318
UBS,1992,Abi,NonDairyCow,157298,82122,378,49484,4,69785,8,4,1876,4545
UBS,1993,Abi,NonDairyCow,165577,86445,398,52088,4,73458,9,4,1975,4784
UBS,1994,Abi,NonDairyCow,174291,90994,418,54830,4,77324,9,4,2078,5036
UBS,1995,Abi,NonDairyCow,183464,95783,440,57716,5,81394,10,4,2188,5301
UBS,1996,Abi,NonDairyCow,193120,100825,464,60753,5,85678,10,4,2303,5580
UBS,1997,Abi,NonDairyCow,203285,106131,488,63951,5,90187,11,5,2424,5874
UBS,1998,Abi,NonDairyCow,213984,111717,514,67317,5,94934,11,5,2552,6183
UBS,1999,Abi,NonDairyCow,225246,117597,541,70860,6,99930,12,5,2686,6509
UBS,2000,Abi,NonDairyCow,237101,123786,569,74589,6,105190,13,5,2827,6851
UBS,2001,Abi,NonDairyCow,249580,130301,599,78515,6,110726,13,6,2976,7212
UBS,2002,Abi,NonDairyCow,262716,137159,631,82647,7,116554,14,6,3133,7591
UBS,2003,Abi,NonDairyCow,276543,144378,664,86997,7,122688,15,6,3298,7991
UBS,2004,Abi,NonDairyCow,291098,151977,699,91576,7,129146,15,7,3471,8411
UBS,2005,Abi,NonDairyCow,306419,159976,736,96396,8,135943,16,7,3654,8854
UBS,2006,Abi,NonDairyCow,322546,168396,774,101469,8,143098,17,7,3846,9320
UBS,2007,Abi,NonDairyCow,339522,177259,815,106809,9,150629,18,8,4049,9811
UBS,2008,Abi,NonDairyCow,357392,186588,858,112431,9,158557,19,8,4262,10327
UBS,2009,Abi,NonDairyCow,368113,192185,884,115804,9,163313,20,8,4390,10637
UBS,2010,Abi,NonDairyCow,379171,197958,910,119282,10,168219,20,9,4522,10957
UBS,2011,Abi,NonDairyCow,390542,203895,938,122860,10,173264,21,9,4658,11285
UBS,2012,Abi,NonDairyCow,402258,210012,966,126545,10,178462,22,9,4798,11624
UBS,2013,Abi,NonDairyCow,407865,212940,979,128309,10,180950,22,9,4864,11786
UBS,2014,Abi,NonDairyCow,426755,222801,1024,134252,11,189330,23,10,5090,12332
UBS,2015,Abi,NonDairyCow,439536,229474,1055,138273,11,195000,24,10,5242,12701
UBS,2016,Abi,NonDairyCow,450093,234986,1081,141594,12,199684,24,10,5368,13006
UBS,2017,Abi,NonDairyCow,444486,232058,1067,139830,11,197196,24,10,5301,12844
UBS,2018,Abi,NonDairyCow,444496,232058,1060,139830,1648,197196,76,10,5368,13006
UBS,1990,Bulindi,NonDairyCow,213708,66551,15821,96942,3345,147627,388,158,35338,3130
UBS,1991,Bulindi,NonDairyCow,224955,70054,16654,102044,3521,155397,409,166,37198,3294
UBS,1992,Bulindi,NonDairyCow,236795,73741,17530,107415,3706,163575,430,175,39155,3468
UBS,1993,Bulindi,NonDairyCow,249258,77622,18453,113069,3901,172185,453,184,41216,3650
UBS,1994,Bulindi,NonDairyCow,262377,81708,19424,119020,4106,181247,476,194,43386,3842
UBS,1995,Bulindi,NonDairyCow,276186,86008,20446,125284,4322,190786,502,204,45669,4045
UBS,1996,Bulindi,NonDairyCow,290722,90535,21523,131878,4550,200828,528,215,48073,4257
UBS,1997,Bulindi,NonDairyCow,306024,95300,22655,138819,4789,211397,556,226,50603,4482
UBS,1998,Bulindi,NonDairyCow,322130,100315,23848,146125,5041,222524,585,238,53266,4717
UBS,1999,Bulindi,NonDairyCow,339084,105595,25103,153816,5307,234235,616,251,56070,4966
UBS,2000,Bulindi,NonDairyCow,356931,111153,26424,161911,5586,246564,648,264,59021,5227
UBS,2001,Bulindi,NonDairyCow,375717,117003,27815,170433,5880,259541,682,278,62127,5502
UBS,2002,Bulindi,NonDairyCow,395491,123161,29279,179403,6189,273201,718,293,65397,5792
UBS,2003,Bulindi,NonDairyCow,416307,129643,30820,188845,6515,287580,756,308,68839,6097
UBS,2004,Bulindi,NonDairyCow,438217,136466,32442,198784,6858,302715,796,324,72462,6417
UBS,2005,Bulindi,NonDairyCow,461281,143649,34149,209247,7219,318648,838,341,76276,6755
UBS,2006,Bulindi,NonDairyCow,485559,151209,35947,220260,7599,335419,882,359,80290,7111
UBS,2007,Bulindi,NonDairyCow,511115,159168,37839,231852,7999,353072,928,378,84516,7485
UBS,2008,Bulindi,NonDairyCow,538016,167545,39830,244055,8420,371655,977,398,88964,7879
UBS,2009,Bulindi,NonDairyCow,554156,172571,41024,251376,8672,382804,1006,410,91632,8116
UBS,2010,Bulindi,NonDairyCow,570802,177755,42257,258927,8933,394303,1037,422,94385,8359
UBS,2011,Bulindi,NonDairyCow,587921,183086,43524,266692,9201,406129,1068,435,97216,8610
UBS,2012,Bulindi,NonDairyCow,605558,188579,44830,274693,9477,418312,1100,448,100132,8868
UBS,2013,Bulindi,NonDairyCow,613999,191207,1292,278522,273,388513,31,12,101528,8992
UBS,2014,Bulindi,NonDairyCow,642436,200063,47560,291421,10054,443787,1167,475,106230,9409
UBS,2015,Bulindi,NonDairyCow,661676,206055,48984,300149,10355,457078,1202,489,109411,9690
UBS,2016,Bulindi,NonDairyCow,677569,211004,50161,307358,10604,468056,1231,501,112039,9923
UBS,2017,Bulindi,NonDairyCow,669127,208375,49536,303529,10472,462225,1215,495,110643,9800
UBS,2018,Bulindi,NonDairyCow,677569,211004,50161,307358,10604,468056,1009,313,146717,7714
UBS,1990,Kachwekano,NonDairyCow,36461,0,1992,4518,2295,19761,709,20,12127,1449
UBS,1991,Kachwekano,NonDairyCow,38380,0,2097,4756,2416,20801,747,21,12766,1526
UBS,1992,Kachwekano,NonDairyCow,40400,0,2208,5006,2543,21896,786,22,13438,1606
UBS,1993,Kachwekano,NonDairyCow,42526,0,2324,5270,2677,23048,827,23,14145,1691
UBS,1994,Kachwekano,NonDairyCow,44764,0,2446,5547,2818,24261,871,24,14889,1780
UBS,1995,Kachwekano,NonDairyCow,47120,0,2575,5839,2966,25538,917,26,15673,1873
UBS,1996,Kachwekano,NonDairyCow,49600,0,2710,6147,3122,26882,965,27,16498,1972
UBS,1997,Kachwekano,NonDairyCow,52211,0,2853,6470,3287,28297,1016,28,17366,2076
UBS,1998,Kachwekano,NonDairyCow,54959,0,3003,6811,3460,29787,1069,30,18280,2185
UBS,1999,Kachwekano,NonDairyCow,57851,0,3161,7169,3642,31354,1126,32,19242,2300
UBS,2000,Kachwekano,NonDairyCow,60896,0,3328,7546,3833,33005,1185,33,20255,2421
UBS,2001,Kachwekano,NonDairyCow,64101,0,3503,7944,4035,34742,1247,35,21321,2548
UBS,2002,Kachwekano,NonDairyCow,67475,0,3687,8362,4247,36570,1313,37,22443,2682
UBS,2003,Kachwekano,NonDairyCow,71026,0,3881,8802,4471,38495,1382,39,23624,2824
UBS,2004,Kachwekano,NonDairyCow,74764,0,4086,9265,4706,40521,1455,41,24868,2972
UBS,2005,Kachwekano,NonDairyCow,78699,0,4301,9753,4954,42654,1531,43,26177,3129
UBS,2006,Kachwekano,NonDairyCow,82841,0,4527,10266,5215,44898,1612,45,27554,3293
UBS,2007,Kachwekano,NonDairyCow,87201,0,4765,10806,5489,47262,1697,48,29004,3467
UBS,2008,Kachwekano,NonDairyCow,91791,0,5016,11375,5778,49749,1786,50,30531,3649
UBS,2009,Kachwekano,NonDairyCow,94544,0,5167,11716,5952,51241,1840,51,31447,3759
UBS,2010,Kachwekano,NonDairyCow,97385,0,5322,12068,6130,52781,1895,53,32392,3872
UBS,2011,Kachwekano,NonDairyCow,100305,0,5482,12430,6314,54364,1952,54,33363,3988
UBS,2012,Kachwekano,NonDairyCow,103314,0,5646,12803,6504,55994,2010,56,34364,4107
UBS,2013,Kachwekano,NonDairyCow,104754,0,1907,12982,2197,50750,679,19,34843,4165
UBS,2014,Kachwekano,NonDairyCow,109606,0,5990,13583,6900,59404,2133,59,36457,4357
UBS,2015,Kachwekano,NonDairyCow,112889,0,6169,13990,7106,61184,2197,61,37549,4488
UBS,2016,Kachwekano,NonDairyCow,115600,0,6318,14326,7277,62653,2249,63,38451,4596
UBS,2017,Kachwekano,NonDairyCow,114160,0,6239,14147,7186,61873,2221,62,37972,4539
UBS,2018,Kachwekano,NonDairyCow,114160,15460,8769,14628,7277,62653,2249,63,38451,4596
UBS,1990,Mbarara,NonDairyCow,259747,139697,35143,29448,41430,163142,290,351,35665,25880
UBS,1991,Mbarara,NonDairyCow,273418,147049,36993,30998,43611,171728,305,370,37543,27243
UBS,1992,Mbarara,NonDairyCow,287808,154789,38940,32629,45906,180767,321,389,39519,28676
UBS,1993,Mbarara,NonDairyCow,302956,162935,40989,34347,48322,190281,338,410,41598,30186
UBS,1994,Mbarara,NonDairyCow,318901,171511,43147,36154,50865,200295,356,431,43788,31774
UBS,1995,Mbarara,NonDairyCow,335685,180538,45417,38057,53543,210837,374,454,46092,33447
UBS,1996,Mbarara,NonDairyCow,353353,190040,47808,40060,56361,221934,394,478,48518,35207
UBS,1997,Mbarara,NonDairyCow,371950,200042,50324,42169,59327,233615,415,503,51072,37060
UBS,1998,Mbarara,NonDairyCow,391527,210570,52973,44388,62449,245910,436,529,53760,39011
UBS,1999,Mbarara,NonDairyCow,412133,221653,55761,46724,65736,258853,459,557,56589,41064
UBS,2000,Mbarara,NonDairyCow,433825,233319,58695,49183,69196,272477,484,586,59568,43225
UBS,2001,Mbarara,NonDairyCow,456657,245599,61785,51772,72838,286818,509,617,62703,45500
UBS,2002,Mbarara,NonDairyCow,480692,258525,65037,54497,76672,301913,536,650,66003,47895
UBS,2003,Mbarara,NonDairyCow,505992,272132,68459,57365,80707,317803,564,684,69477,50416
UBS,2004,Mbarara,NonDairyCow,532623,286455,72063,60384,84955,334530,594,720,73134,53069
UBS,2005,Mbarara,NonDairyCow,560656,301531,75855,63562,89426,352137,625,758,76983,55862
UBS,2006,Mbarara,NonDairyCow,590164,317401,79848,66908,94133,370670,658,798,81035,58802
UBS,2007,Mbarara,NonDairyCow,621225,334106,84050,70429,99087,390179,693,840,85300,61897
UBS,2008,Mbarara,NonDairyCow,653921,351691,88474,74136,104302,410715,729,884,89789,65155
UBS,2009,Mbarara,NonDairyCow,673537,362241,91128,76360,109791,423035,751,911,94515,67109
UBS,2010,Mbarara,NonDairyCow,693770,373123,93866,78654,115570,435743,773,938,99490,69125
UBS,2011,Mbarara,NonDairyCow,714576,384313,96681,81013,121652,448811,797,966,104726,71198
UBS,2012,Mbarara,NonDairyCow,736013,395842,99581,83443,128055,462275,821,995,110238,73334
UBS,2013,Mbarara,NonDairyCow,746273,401360,97467,84606,134795,466011,803,974,116040,74357
UBS,2014,Mbarara,NonDairyCow,780835,419949,105645,88524,141889,490427,871,1056,122147,77800
UBS,2015,Mbarara,NonDairyCow,804221,432526,108809,91176,149357,505115,897,1088,128576,80130
UBS,2016,Mbarara,NonDairyCow,823537,442914,111423,93366,157218,517247,918,1114,135343,82055
UBS,2017,Mbarara,NonDairyCow,813277,437396,110035,92202,165493,510803,907,1100,142467,81033
UBS,2018,Mbarara,NonDairyCow,823537,442914,111423,93366,174203,517247,1807,641,149965,81033
UBS,1990,Nabuin,NonDairyCow,315698,84821,1173,162486,301,226722,25,12,94673,1070
UBS,1991,Nabuin,NonDairyCow,332313,89285,1235,171038,317,238655,27,12,99656,1126
UBS,1992,Nabuin,NonDairyCow,349803,93985,1300,180040,333,251215,28,13,104901,1185
UBS,1993,Nabuin,NonDairyCow,368214,98931,1368,189516,351,264437,30,13,110422,1248
UBS,1994,Nabuin,NonDairyCow,387594,104138,1440,199490,369,278355,31,14,116233,1313
UBS,1995,Nabuin,NonDairyCow,407994,109619,1516,209990,389,293005,33,15,122351,1382
UBS,1996,Nabuin,NonDairyCow,429467,115388,1596,221042,409,308427,35,16,128791,1455
UBS,1997,Nabuin,NonDairyCow,452070,121462,1680,232676,431,324660,36,16,135569,1532
UBS,1998,Nabuin,NonDairyCow,475864,127854,1768,244922,453,341747,38,17,142704,1612
UBS,1999,Nabuin,NonDairyCow,500909,134583,1861,257812,477,359734,40,18,150215,1697
UBS,2000,Nabuin,NonDairyCow,527273,141667,1959,271381,502,378667,42,19,158121,1787
UBS,2001,Nabuin,NonDairyCow,555024,149123,2062,285665,529,398597,45,20,166443,1881
UBS,2002,Nabuin,NonDairyCow,584236,156972,2171,300700,556,419576,47,21,175203,1980
UBS,2003,Nabuin,NonDairyCow,614985,165233,2285,316526,586,441659,50,22,184424,2084
UBS,2004,Nabuin,NonDairyCow,647352,173930,2405,333185,617,464904,52,24,194131,2193
UBS,2005,Nabuin,NonDairyCow,681424,183084,2532,350721,649,489373,55,25,204348,2309
UBS,2006,Nabuin,NonDairyCow,717288,192720,2665,369180,683,515129,58,26,215104,2430
UBS,2007,Nabuin,NonDairyCow,755040,202863,2805,388611,719,542241,61,28,226425,2558
UBS,2008,Nabuin,NonDairyCow,794779,213540,2953,409064,757,570780,64,29,238342,2693
UBS,2009,Nabuin,NonDairyCow,818621,219945,3041,421335,780,587902,66,30,245491,2774
UBS,2010,Nabuin,NonDairyCow,843212,226552,3133,433992,803,605563,68,31,252866,2857
UBS,2011,Nabuin,NonDairyCow,868500,233347,3227,447008,827,623724,70,32,260449,2943
UBS,2012,Nabuin,NonDairyCow,894555,240347,3324,460417,852,642435,73,33,268263,3031
UBS,2013,Nabuin,NonDairyCow,907024,243697,99500,466836,25515,710238,2188,995,272002,3073
UBS,2014,Nabuin,NonDairyCow,949032,254984,3526,488456,904,681559,77,35,284600,3216
UBS,2015,Nabuin,NonDairyCow,977455,262621,3632,503085,931,701971,79,36,293123,3312
UBS,2016,Nabuin,NonDairyCow,1000931,268928,3719,515168,953,718831,81,37,300164,3392
UBS,2017,Nabuin,NonDairyCow,988462,265578,3672,508750,941,709876,80,36,296424,3349
UBS,2018,Nabuin,NonDairyCow,1000931,268928,2346,583287,962,718831,92,23,300164,4297
UBS,1990,Ngetta,NonDairyCow,99752,8649,1074,103156,798,42938,13,11,64112,4344
UBS,1991,Ngetta,NonDairyCow,105002,9104,1131,108585,840,45198,14,11,67486,4573
UBS,1992,Ngetta,NonDairyCow,110529,9583,1190,114300,884,47577,15,12,71038,4814
UBS,1993,Ngetta,NonDairyCow,116346,10088,1253,120316,931,50081,15,13,74777,5067
UBS,1994,Ngetta,NonDairyCow,122469,10619,1319,126649,980,52717,16,13,78712,5334
UBS,1995,Ngetta,NonDairyCow,128915,11178,1388,133314,1031,55491,17,14,82855,5614
UBS,1996,Ngetta,NonDairyCow,135700,11766,1461,140331,1086,58412,18,15,87216,5910
UBS,1997,Ngetta,NonDairyCow,142842,12385,1538,147717,1143,61486,19,15,91806,6221
UBS,1998,Ngetta,NonDairyCow,150360,13037,1619,155491,1203,64722,20,16,96638,6548
UBS,1999,Ngetta,NonDairyCow,158274,13723,1704,163675,1266,68129,21,17,101724,6893
UBS,2000,Ngetta,NonDairyCow,166604,14445,1794,172290,1333,71714,22,18,107078,7256
UBS,2001,Ngetta,NonDairyCow,175373,15206,1888,181357,1403,75489,23,19,112714,7638
UBS,2002,Ngetta,NonDairyCow,184603,16006,1988,190903,1477,79462,24,20,118646,8040
UBS,2003,Ngetta,NonDairyCow,194319,16848,2092,200950,1555,83644,26,21,124891,8463
UBS,2004,Ngetta,NonDairyCow,204546,17735,2202,211526,1636,88046,27,22,131464,8908
UBS,2005,Ngetta,NonDairyCow,215312,18668,2318,222659,1722,92681,28,23,138383,9377
UBS,2006,Ngetta,NonDairyCow,226644,19651,2440,234378,1813,97558,30,24,145666,9871
UBS,2007,Ngetta,NonDairyCow,238573,20685,2569,246714,1909,102693,31,26,153333,10390
UBS,2008,Ngetta,NonDairyCow,251129,21774,2704,259699,2009,108098,33,27,161403,10937
UBS,2009,Ngetta,NonDairyCow,258662,22427,2785,267489,2069,111341,34,27,166245,11265
UBS,2010,Ngetta,NonDairyCow,266432,23101,2869,275525,2131,114686,35,28,171239,11603
UBS,2011,Ngetta,NonDairyCow,274422,23794,2955,283788,2195,118125,36,29,176375,11951
UBS,2012,Ngetta,NonDairyCow,282655,24508,3044,292301,2261,121669,37,30,181666,12310
UBS,2013,Ngetta,NonDairyCow,286595,24849,1133,296376,842,122405,14,11,184198,12482
UBS,2014,Ngetta,NonDairyCow,299868,26000,3229,310102,2399,129078,40,32,192729,13060
UBS,2015,Ngetta,NonDairyCow,308849,26779,3326,319389,2470,132944,41,33,198501,13451
UBS,2016,Ngetta,NonDairyCow,316267,27422,3406,327060,2530,136137,42,34,203269,13774
UBS,2017,Ngetta,NonDairyCow,312327,27081,3363,322986,2498,134441,41,33,200736,13602
UBS,2018,Ngetta,NonDairyCow,311167,27422,2281,319389,263,171643,32,22,203269,8308
UBS,1990,Rwebitaba,NonDairyCow,102867,52745,8437,15531,37490,60658,451,84,23990,0
UBS,1991,Rwebitaba,NonDairyCow,108281,55521,8881,16349,39463,63850,475,89,25252,0
UBS,1992,Rwebitaba,NonDairyCow,113980,58443,9349,17209,41540,67211,500,93,26581,0
UBS,1993,Rwebitaba,NonDairyCow,119979,61519,9841,18115,43727,70748,526,98,27980,0
UBS,1994,Rwebitaba,NonDairyCow,126293,64756,10359,19068,46028,74472,554,103,29453,0
UBS,1995,Rwebitaba,NonDairyCow,132940,68165,10904,20072,48451,78391,583,109,31003,0
UBS,1996,Rwebitaba,NonDairyCow,139937,71752,11478,21128,51001,82517,614,115,32635,0
UBS,1997,Rwebitaba,NonDairyCow,147302,75529,12082,22240,53685,86860,646,121,34353,0
UBS,1998,Rwebitaba,NonDairyCow,155055,79504,12718,23411,56511,91432,680,127,36161,0
UBS,1999,Rwebitaba,NonDairyCow,163216,83688,13387,24643,59485,96244,716,134,38064,0
UBS,2000,Rwebitaba,NonDairyCow,171806,88093,14092,25940,62616,101310,754,141,40067,0
UBS,2001,Rwebitaba,NonDairyCow,180848,92729,14833,27305,65911,106642,793,148,42176,0
UBS,2002,Rwebitaba,NonDairyCow,190367,97610,15614,28742,69380,112254,835,156,44396,0
UBS,2003,Rwebitaba,NonDairyCow,200386,102747,16436,30255,73032,118163,879,164,46732,0
UBS,2004,Rwebitaba,NonDairyCow,210933,108155,17301,31847,76876,124382,925,173,49192,0
UBS,2005,Rwebitaba,NonDairyCow,222034,113847,18212,33523,80922,130928,974,182,51781,0
UBS,2006,Rwebitaba,NonDairyCow,233720,119839,19170,35288,85181,137819,1025,191,54506,0
UBS,2007,Rwebitaba,NonDairyCow,246022,126147,20179,37145,89664,145073,1079,201,57375,0
UBS,2008,Rwebitaba,NonDairyCow,258970,132786,21241,39100,94383,152708,1136,212,60395,0
UBS,2009,Rwebitaba,NonDairyCow,266738,136769,21878,40273,99351,157289,1170,218,63574,0
UBS,2010,Rwebitaba,NonDairyCow,274751,140878,22535,41483,104580,162014,1205,225,66920,0
UBS,2011,Rwebitaba,NonDairyCow,282991,145103,23211,42727,110084,166873,1241,232,70442,0
UBS,2012,Rwebitaba,NonDairyCow,291480,149456,23907,44009,115878,171879,1279,239,74150,0
UBS,2013,Rwebitaba,NonDairyCow,295543,151539,3056,44622,121977,159940,163,30,78052,0
UBS,2014,Rwebitaba,NonDairyCow,309231,158557,25363,46689,128397,182346,1356,253,82160,0
UBS,2015,Rwebitaba,NonDairyCow,318492,163306,26123,48087,135154,187807,1397,261,86485,0
UBS,2016,Rwebitaba,NonDairyCow,326142,167228,26750,49242,142268,192318,1431,267,91036,0
UBS,2017,Rwebitaba,NonDairyCow,322079,165145,26417,48629,149756,189922,1413,264,95828,0
UBS,2018,Rwebitaba,NonDairyCow,326142,167228,73624,47111,157638,269313,12984,736,100871,0
UBS,1990,Serere,NonDairyCow,127436,56146,827,103229,0,93908,0,8,0,55299
UBS,1991,Serere,NonDairyCow,134143,59101,871,108662,0,98851,0,8,0,58210
UBS,1992,Serere,NonDairyCow,141203,62212,917,114381,0,104053,0,9,0,61274
UBS,1993,Serere,NonDairyCow,148635,65486,965,120401,0,109530,0,9,0,64498
UBS,1994,Serere,NonDairyCow,156458,68933,1016,126738,0,115295,0,10,0,67893
UBS,1995,Serere,NonDairyCow,164692,72561,1069,133408,0,121363,0,10,0,71466
UBS,1996,Serere,NonDairyCow,173360,76380,1126,140430,0,127750,0,11,0,75228
UBS,1997,Serere,NonDairyCow,182485,80400,1185,147821,0,134474,0,11,0,79187
UBS,1998,Serere,NonDairyCow,192089,84631,1247,155601,0,141552,0,12,0,83355
UBS,1999,Serere,NonDairyCow,202199,89086,1313,163790,0,149002,0,13,0,87742
UBS,2000,Serere,NonDairyCow,212841,93774,1382,172411,0,156844,0,13,0,92360
UBS,2001,Serere,NonDairyCow,224043,98710,1455,181485,0,165099,0,14,0,97221
UBS,2002,Serere,NonDairyCow,235835,103905,1531,191037,0,173788,0,15,0,102338
UBS,2003,Serere,NonDairyCow,248247,109374,1612,201092,0,182935,0,15,0,107724
UBS,2004,Serere,NonDairyCow,261313,115130,1697,211676,0,192563,0,16,0,113394
UBS,2005,Serere,NonDairyCow,275066,121190,1786,222816,0,202698,0,17,0,119362
UBS,2006,Serere,NonDairyCow,289544,127568,1880,234544,0,213366,0,18,0,125644
UBS,2007,Serere,NonDairyCow,304783,134283,1979,246888,0,224596,0,19,0,132257
UBS,2008,Serere,NonDairyCow,320824,141350,2083,259882,0,236417,0,20,0,139218
UBS,2009,Serere,NonDairyCow,330448,145590,2146,267678,0,243509,0,21,0,143394
UBS,2010,Serere,NonDairyCow,340375,149964,2210,275719,0,250824,0,22,0,147702
UBS,2011,Serere,NonDairyCow,350583,154461,2276,283988,0,258346,0,22,0,152131
UBS,2012,Serere,NonDairyCow,361100,159095,2345,292507,0,266097,0,23,0,156695
UBS,2013,Serere,NonDairyCow,366134,161313,38090,296585,0,291492,0,380,0,158879
UBS,2014,Serere,NonDairyCow,383091,168783,2488,310321,0,282301,0,24,0,166238
UBS,2015,Serere,NonDairyCow,394564,173838,2562,319615,0,290756,0,25,0,171216
UBS,2016,Serere,NonDairyCow,404041,178014,2624,327291,0,297740,0,26,0,175329
UBS,2017,Serere,NonDairyCow,399007,175796,2591,323214,0,294030,0,25,0,173144
UBS,2018,Serere,NonDairyCow,394564,173838,8537,21475,0,297740,0,85,0,171216
